,subject_id,mean_score
0,subject_id_000005,3.4285714285714284
1,subject_id_000006,2.5714285714285716
2,subject_id_000007,5.642857142857143
3,subject_id_000008,5.428571428571429
4,subject_id_000009,4.714285714285714
5,subject_id_000010,4.384615384615385
6,subject_id_000011,3.357142857142857
7,subject_id_000012,4.571428571428571
8,subject_id_000013,4.214285714285714
9,subject_id_000014,5.571428571428571
